{
    "Aura": "",
    "Aura2": "",
    "Aura3": "",
    "AuraCharges": 0,
    "AuraCharges2": 0,
    "AuraCharges3": 0,
    "AuraSelf": "",
    "AuraSelf2": "",
    "AuraSelf3": "",
    "AutoplayEndTurn": false,
    "AutoplayDraw": false,
    "CardUpgraded": "A",
    "BaseCard": "moontouchedtrait1b",
    "UpgradedFrom": "moontouchedtrait1b",
    "UpgradesTo1": "",
    "UpgradesTo2": "",
    "UpgradesToRare": "",
    "CardClass": "Special",
    "CardType": "Enchantment",
    "CardTypeAux": [],
    "CardName": "Waning Blessing",
    "CardRarity": "Rare",
    "Curse": "",
    "Curse2": "",
    "Curse3": "",
    "CurseCharges": 0,
    "CurseCharges2": 0,
    "CurseCharges3": 0,
    "CurseSelf": "",
    "CurseSelf2": "",
    "CurseSelf3": "",
    "Damage": 0,
    "DamageSelf": 0,
    "DamageSides": 0,
    "DamageType": "None",
    "Damage2": 0,
    "DamageSelf2": 0,
    "DamageSides2": 0,
    "DamageType2": "None",
    "DamageEnergyBonus": 0,
    "DiscardCard": 0,
    "DiscardCardAutomatic": false,
    "DiscardCardPlace": "Discard",
    "DiscardCardType": "None",
    "DiscardCardTypeAux": [],
    "DispelAuras": 0,
    "DrawCard": 0,
    "EffectCastCenter": false,
    "EffectCaster": "",
    "EffectCasterRepeat": false,
    "EffectPreAction": "",
    "EffectTarget": "",
    "EffectTrail": "",
    "EffectTrailAngle": "Horizontal",
    "AcEnergyBonus": "",
    "AcEnergyBonusQuantity": 0,
    "AcEnergyBonus2": "",
    "AcEnergyBonus2Quantity": 0,
    "EffectRepeat": 1,
    "EffectRepeatTarget": "Same",
    "EffectRepeatMaxBonus": 0,
    "EffectRepeatModificator": 0,
    "EffectRepeatEnergyBonus": 0,
    "EffectTrailRepeat": false,
    "EnergyCost": 0,
    "EnergyRecharge": 0,
    "Heal": 0,
    "HealAuraCurseName": "",
    "HealAuraCurseName2": "",
    "HealAuraCurseName3": "",
    "HealAuraCurseName4": "",
    "HealAuraCurseSelf": "",
    "HealCurses": 0,
    "HealEnergyBonus": 0,
    "HealSelf": 0,
    "HealSides": 0,
    "ID": "moontouchedtrait1ba",
    "IgnoreBlock": false,
    "IgnoreBlock2": false,
    "IncreaseAuras": 0,
    "IncreaseCurses": 0,
    "ReduceAuras": 0,
    "ReduceCurses": 0,
    "Innate": false,
    "LookCards": 0,
    "LookCardsDiscardUpTo": 0,
    "LookCardsVanishUpTo": 0,
    "SelfHealthLoss": 0,
    "Sound": "",
    "SoundPreAction": "",
    "SoundPreActionFemale": "",
    "Sprite": "waningblessing",
    "StealAuras": 0,
    "TransferCurses": 0,
    "TargetPosition": "Anywhere",
    "TargetSide": "Self",
    "TargetType": "Single",
    "Vanish": true,
    "GoldGainQuantity": 0,
    "ShardsGainQuantity": 0,
    "HealSelfPerDamageDonePercent": 0,
    "EffectRequired": "",
    "AuraChargesSpecialValue1": false,
    "AuraChargesSpecialValue2": false,
    "AuraChargesSpecialValueGlobal": false,
    "AuraCharges2SpecialValue1": false,
    "AuraCharges2SpecialValue2": false,
    "AuraCharges2SpecialValueGlobal": false,
    "AuraCharges3SpecialValue1": false,
    "AuraCharges3SpecialValue2": false,
    "AuraCharges3SpecialValueGlobal": false,
    "CurseChargesSpecialValue1": false,
    "CurseChargesSpecialValue2": false,
    "CurseChargesSpecialValueGlobal": false,
    "CurseCharges2SpecialValue1": false,
    "CurseCharges2SpecialValue2": false,
    "CurseCharges2SpecialValueGlobal": false,
    "CurseCharges3SpecialValue1": false,
    "CurseCharges3SpecialValue2": false,
    "CurseCharges3SpecialValueGlobal": false,
    "DamageSpecialValue1": false,
    "DamageSpecialValue2": false,
    "DamageSpecialValueGlobal": false,
    "Damage2SpecialValue1": false,
    "Damage2SpecialValue2": false,
    "Damage2SpecialValueGlobal": false,
    "HealSelfSpecialValue1": false,
    "HealSelfSpecialValue2": false,
    "HealSelfSpecialValueGlobal": false,
    "HealSpecialValue1": false,
    "HealSpecialValue2": false,
    "HealSpecialValueGlobal": false,
    "SelfHealthLossSpecialGlobal": false,
    "SelfHealthLossSpecialValue1": false,
    "SelfHealthLossSpecialValue2": false,
    "DrawCardSpecialValueGlobal": false,
    "EnergyRechargeSpecialValueGlobal": false,
    "SpecialAuraCurseName1": "",
    "SpecialAuraCurseName2": "",
    "SpecialAuraCurseNameGlobal": "",
    "SpecialValue1": "None",
    "SpecialValue2": "None",
    "SpecialValueGlobal": "None",
    "SpecialValueModifier1": 0,
    "SpecialValueModifier2": 0,
    "SpecialValueModifierGlobal": 0,
    "AddCard": 0,
    "AddCardChoose": 0,
    "AddCardReducedCost": 0,
    "AddCardCostTurn": false,
    "AddCardFrom": "Deck",
    "AddCardId": "",
    "AddCardList": [],
    "AddCardPlace": "Discard",
    "AddCardType": "None",
    "AddCardTypeAux": [],
    "AddCardVanish": false,
    "RelatedCard": "",
    "RelatedCard2": "",
    "RelatedCard3": "",
    "SummonAura": "",
    "SummonAura2": "",
    "SummonAura3": "",
    "SummonAuraCharges": 0,
    "SummonAuraCharges2": 0,
    "SummonAuraCharges3": 0,
    "SummonUnit": "",
    "SummonUnitNum": 0,
    "EffectPostCastDelay": 0,
    "EffectPostTargetDelay": 0,
    "EffectRepeatDelay": 0,
    "EffectTrailSpeed": 1,
    "IsPetAttack": false,
    "IsPetCast": false,
    "Lazy": false,
    "ModifiedByTrait": false,
    "MoveToCenter": false,
    "PetFront": true,
    "PetInvert": true,
    "PetModel": "",
    "PetOffset": "(0.00, 0.00)",
    "PetSize": "(1.00, 1.00)",
    "Playable": true,
    "PullTarget": 0,
    "PushTarget": 0,
    "SelfKillHiddenSeconds": 0,
    "ShowInTome": true,
    "Starter": false,
    "Visible": false,
    "CardNumber": 0,
    "CardTypeList": [],
    "Corrupted": false,
    "Description": "",
    "DescriptionID": "",
    "EndTurn": false,
    "EnergyCostForShow": 0,
    "EnergyReductionPermanent": 0,
    "EnergyReductionTemporal": 0,
    "EnergyReductionToZeroPermanent": false,
    "EnergyReductionToZeroTemporal": false,
    "ExhaustCounter": 0,
    "FlipSprite": false,
    "Fluff": "",
    "FluffPercent": 0,
    "KillPet": false,
    "MaxInDeck": 0,
    "OnlyInWeekly": false,
    "Sku": "",
    "Item": "",
    "ItemEnchantment": "{\"IsEnchantment\":true,\"ACG1MultiplyByEnergyUsed\":false,\"ACG2MultiplyByEnergyUsed\":false,\"ACG3MultiplyByEnergyUsed\":false,\"DTTMultiplyByEnergyUsed\":false,\"DrawMultiplyByEnergyUsed\":false,\"UsedEnergy\":false,\"ActivationOnlyOnHeroes\":false,\"AuraCurseBonus1\":\"insane\",\"AuraCurseBonusValue1\":1,\"AuraCurseBonus2\":\"\",\"AuraCurseBonusValue2\":0,\"AuraCurseCustomAC\":\"\",\"AuraCurseCustomString\":\"\",\"AuraCurseCustomModValue1\":0,\"AuraCurseCustomModValue2\":0,\"AuraCurseGain1\":\"insane\",\"AuraCurseGain2\":\"scourge\",\"AuraCurseGain3\":\"\",\"AuraCurseGainSelf1\":\"insane\",\"AuraCurseGainSelf2\":\"scourge\",\"AuraCurseGainSelfValue1\":2,\"AuraCurseGainSelfValue2\":2,\"AuraCurseGainValue1\":2,\"AuraCurseGainValue2\":2,\"AuraCurseGainValue3\":0,\"AuraCurseImmune1\":\"\",\"AuraCurseImmune2\":\"\",\"CardNum\":0,\"CardPlace\":\"Hand\",\"DuplicateActive\":false,\"CastEnchantmentOnFinishSelfCast\":false,\"CardToGain\":\"\",\"CardToGainList\":[],\"CardToGainType\":\"None\",\"CostReduction\":0,\"Vanish\":false,\"Permanent\":false,\"CostZero\":false,\"CardToReduceType\":\"None\",\"CardsReduced\":0,\"CostReduceReduction\":0,\"CostReduceEnergyRequirement\":0,\"ReduceHighestCost\":false,\"CostReducePermanent\":false,\"EnergyQuantity\":0,\"SpriteBossDrop\":\"\",\"AuraCurseNumForOneEvent\":0,\"AuraCurseSetted\":\"\",\"CastedCardType\":\"None\",\"RoundCycle\":0,\"EmptyHand\":false,\"ExactRound\":0,\"ItemTarget\":\"AllEnemy\",\"LowerOrEqualPercentHP\":100,\"TimesPerCombat\":0,\"TimesPerTurn\":0,\"DestroyEndOfTurn\":false,\"DestroyStartOfTurn\":false,\"DestroyAfterUse\":false,\"DestroyAfterUses\":0,\"UseTheNextInsteadWhenYouPlay\":false,\"ChanceToDispel\":0,\"ChanceToDispelNum\":0,\"CharacterStatModified\":\"None\",\"CharacterStatModified2\":\"None\",\"CharacterStatModified3\":\"None\",\"CharacterStatModifiedValue\":0,\"CharacterStatModifiedValue2\":0,\"CharacterStatModifiedValue3\":0,\"CursedItem\":false,\"DamageFlatBonus\":\"Mind\",\"DamageFlatBonus2\":\"None\",\"DamageFlatBonus3\":\"None\",\"DamageFlatBonusValue\":2,\"DamageFlatBonusValue2\":0,\"DamageFlatBonusValue3\":0,\"DamagePercentBonus\":\"None\",\"DamagePercentBonus2\":\"None\",\"DamagePercentBonus3\":\"None\",\"DamagePercentBonusValue\":0,\"DamagePercentBonusValue2\":0,\"DamagePercentBonusValue3\":0,\"DamageToTarget\":0,\"DamageToTargetType\":\"None\",\"DrawCards\":0,\"DropOnly\":false,\"EffectCasterDelay\":0,\"EffectTargetDelay\":0,\"HealFlatBonus\":0,\"HealPercentBonus\":0,\"HealPercentQuantity\":0,\"HealPercentQuantitySelf\":0,\"HealQuantity\":0,\"HealReceivedFlatBonus\":0,\"HealReceivedPercentBonus\":0,\"MaxHealth\":0,\"ModifiedDamageType\":\"None\",\"OnlyAddItemToNPCs\":false,\"PassSingleAndCharacterRolls\":false,\"PercentDiscountShop\":0,\"PercentRetentionEndGame\":0,\"QuestItem\":false,\"ResistModified1\":\"None\",\"ResistModified2\":\"None\",\"ResistModified3\":\"None\",\"ResistModifiedValue1\":0,\"ResistModifiedValue2\":0,\"ResistModifiedValue3\":0,\"Activation\":\"BeginTurnCardsDealt\",\"NotShowCharacterBonus\":false,\"EffectCaster\":\"\",\"EffectItemOwner\":\"mindcast1\",\"EffectTarget\":\"\",\"ID\":\"moontouchedtrait1ba\",\"ItemSound\":\"\"}"
}