{
    "ActionSound": "",
    "AutoUnlock": true,
    "Cards": [
        "{\n    \"UnitsInDeck\": 3,\n    \"Card\": \"barrier\"\n}",
        "{\n    \"UnitsInDeck\": 3,\n    \"Card\": \"bindingheal\"\n}",
        "{\n    \"UnitsInDeck\": 2,\n    \"Card\": \"panacea\"\n}",
        "{\n    \"UnitsInDeck\": 3,\n    \"Card\": \"mindblast\"\n}",
        "{\n    \"UnitsInDeck\": 2,\n    \"Card\": \"moontouchedanguish\"\n}",
        "{\n    \"UnitsInDeck\": 1,\n    \"Card\": \"pandemonium\"\n}",
        "{\n    \"UnitsInDeck\": 1,\n    \"Card\": \"moontouchedmentalshell\"\n}"
    ],
    "ChallengePack0": "hecar",
    "ChallengePack1": "mentalist",
    "ChallengePack2": "protector",
    "ChallengePack3": "friar",
    "ChallengePack4": "seer",
    "ChallengePack5": "devotee",
    "ChallengePack6": "shaman",
    "CharacterDescription": "<This character comes from Senenthia and blah blah blah>",
    "CharacterDescriptionStrength": "An Insane Healer who specializes in Mind Damage, Shielding his allies with powerful Healing, and Scourging those who attack him",
    "CharacterName": "Hecar",
    "Energy": 1,
    "EnergyTurn": 3,
    "Female": true,
    "FluffOffsetX": 0,
    "FluffOffsetY": 3.40000009536743,
    "HeroClass": "healer",
    "HeroClassSecondary": "none",
    "HitSound": "",
    "HP": 89,
    "ID": "moontouched",
    "Item": "moontouchedscintillatingarmor",
    "MaxHP": [
        0,
        5,
        0,
        5,
        0
    ],
    "OrderInList": 5,
    "ResistSlashing": 10,
    "ResistBlunt": -5,
    "ResistPiercing": 5,
    "ResistFire": 10,
    "ResistCold": 10,
    "ResistLightning": 5,
    "ResistHoly": 15,
    "ResistShadow": 35,
    "ResistMind": -20,
    "Speed": 12,
    "SpriteBorderLocked": "hecarSilueta",
    "StickerBase": "",
    "StickerAngry": "",
    "StickerIndifferent": "",
    "StickerLove": "",
    "StickerSurprise": "",
    "StickerOffsetX": 0.100000001490116,
    "SubclassName": "Moontouched",
    "Trait0": "moontouchedtrait0",
    "Trait1A": "moontouchedtrait1a",
    "Trait1B": "moontouchedtrait1b",
    "Trait2A": "moontouchedtrait2a",
    "Trait2B": "moontouchedtrait2b",
    "Trait3A": "moontouchedtrait3a",
    "Trait3B": "moontouchedtrait3b",
    "Trait4A": "moontouchedtrait4a",
    "Trait4B": "moontouchedtrait4b"
}