{
    "ActionSound": "",
    "AutoUnlock": true,
    "Cards": [
        "{\n    \"UnitsInDeck\": 3,\n    \"Card\": \"barrier\"\n}",
        "{\n    \"UnitsInDeck\": 3,\n    \"Card\": \"bindingheal\"\n}",
        "{\n    \"UnitsInDeck\": 2,\n    \"Card\": \"panacea\"\n}",
        "{\n    \"UnitsInDeck\": 3,\n    \"Card\": \"mindblast\"\n}",
        "{\n    \"UnitsInDeck\": 2,\n    \"Card\": \"moontouchedanguish\"\n}",
        "{\n    \"UnitsInDeck\": 1,\n    \"Card\": \"pandemonium\"\n}",
        "{\n    \"UnitsInDeck\": 1,\n    \"Card\": \"moontouchedmentalshell\"\n}"
    ],
    "ChallengePack3": "paladin",
    "ChallengePack1": "mentalist",
    "ChallengePack2": "protector",
    "ChallengePack0": "friar",
    "ChallengePack4": "seer",
    "ChallengePack5": "devotee",
    "ChallengePack6": "shaman",
    "CharacterDescription": "Many seek something Holy with good intentions, aiming to improve themselves and the world. Hecar chose the opposite. He sought power, and so all that was Holy spurned him. So, he sought something else that was near-Holy, the Moon, something he thought would accept him. What he found was something... Other. Something that blessed him, in its own peculiar way. Something that accepted him, but in its acceptance, it left his mind altered, touched by something more powerful and more dangerous than he could ever know.",
    "CharacterDescriptionStrength": "An Insane Healer who specializes in Mind Damage, Shielding his allies with powerful Healing, and Scourging those who attack him",
    "CharacterName": "Hecar",
    "Energy": 1,
    "EnergyTurn": 3,
    "Female": true,
    "FluffOffsetX": 0,
    "FluffOffsetY": 3.40000009536743,
    "HeroClass": "healer",
    "HeroClassSecondary": "none",
    "HitSound": "",
    "HP": 89,
    "ID": "moontouched",
    "Item": "moontouchedscintillatingarmor",
    "MaxHP": [
        0,
        5,
        0,
        5,
        0
    ],
    "OrderInList": 5,
    "ResistSlashing": 10,
    "ResistBlunt": -5,
    "ResistPiercing": 5,
    "ResistFire": 10,
    "ResistCold": 10,
    "ResistLightning": 5,
    "ResistHoly": 15,
    "ResistShadow": 35,
    "ResistMind": -20,
    "Speed": 12,
    "SpriteBorderLocked": "hecarSilueta",
    "StickerBase": "",
    "StickerAngry": "",
    "StickerIndifferent": "",
    "StickerLove": "",
    "StickerSurprise": "",
    "StickerOffsetX": 0.100000001490116,
    "SubclassName": "moontouched",
    "Trait0": "moontouchedtrait0",
    "Trait1A": "moontouchedtrait1b",
    "Trait1B": "moontouchedtrait1a",
    "Trait2A": "moontouchedtrait2a",
    "Trait2B": "moontouchedtrait2b",
    "Trait3A": "moontouchedtrait3a",
    "Trait3B": "moontouchedtrait3b",
    "Trait4A": "moontouchedtrait4a",
    "Trait4B": "moontouchedtrait4b",
    "CardsSingularity": ["moontouchedmentalshell","pandemonium","moontouchedanguish","mindblast","bindingheal","barrier","panacea","prayerofprotection","benediction","flashheal","clairvoyance","mindtwist","spectralmissiles","clarity","foresight"]
}